Date,Close,High,Low,Open,Volume
2025-01-03,13067.830078125,13134.169921875,13003.2802734375,13110.740234375,11842600
2025-01-06,13047.23046875,13072.9296875,13000.9697265625,13072.9296875,1821100
2025-01-07,13013.51953125,13042.0595703125,12981.849609375,13042.0595703125,952500
2025-01-08,13011.91015625,13043.5703125,12978.599609375,13043.1103515625,837000
2025-01-09,12940.3095703125,12950.900390625,12925.650390625,12943.740234375,916900
2025-01-10,12895.98046875,12968.51953125,12895.98046875,12943.740234375,13226900
2025-01-13,12808.830078125,12827.330078125,12795.8203125,12827.330078125,1433500
2025-01-14,12884.3798828125,12895.4697265625,12795.8203125,12827.330078125,14149400
2025-01-15,12941.75,12956.919921875,12910.2900390625,12943.5703125,1573800
2025-01-16,13004.2197265625,13013.2900390625,12989.76953125,13000.669921875,1916200
2025-01-17,13130.4296875,13130.4296875,12989.76953125,13000.669921875,30439700
2025-01-20,13025.2900390625,13088.3095703125,13019.23046875,13088.3095703125,1290300
2025-01-21,13066.650390625,13096.669921875,13038.83984375,13052.900390625,1072600
2025-01-22,13050.400390625,13065.419921875,12997.4404296875,13037.1396484375,2777000
2025-01-23,13038.759765625,13060.080078125,13016.8798828125,13060.080078125,1424300
2025-01-24,13024.7001953125,13072.6904296875,13004.0302734375,13060.080078125,14599600
2025-01-27,12922.3203125,12999.7197265625,12875.9599609375,12999.7197265625,3096600
2025-01-28,12966.3095703125,12976.76953125,12951.900390625,12957.150390625,1197600
2025-01-29,12974.419921875,13003.0400390625,12969.830078125,13003.0400390625,1775700
2025-01-30,12918.5703125,12941.7900390625,12906.0302734375,12928.3798828125,1860600
2025-01-31,12995.009765625,12995.009765625,12906.0302734375,12928.3798828125,23546600
2025-02-03,12826.0595703125,12850.1396484375,12810.3203125,12810.3203125,3398700
2025-02-04,12847.8701171875,12905.0400390625,12841.599609375,12905.0400390625,1676500
2025-02-05,12844.58984375,12905.0400390625,12817.8701171875,12905.0400390625,22899400
2025-02-07,12902.1904296875,12902.1904296875,12806.7802734375,12844.58984375,24287300
2025-02-10,12876.3701171875,12888.759765625,12863.9296875,12876.349609375,2288900
2025-02-11,12903.25,12919.98046875,12882.6796875,12917.4501953125,2231100
2025-02-12,12893.6796875,12913.9501953125,12879.240234375,12913.9501953125,3090900
2025-02-13,12917.33984375,12921.4501953125,12894.5595703125,12905.98046875,2201400
2025-02-14,12989.1796875,12989.1796875,12894.5595703125,12905.98046875,26547000
2025-02-17,13077.2099609375,13099.16015625,13053.98046875,13068.9296875,2725800
2025-02-18,13074.3798828125,13107.169921875,13051.1201171875,13051.1201171875,2627900
2025-02-19,12999.400390625,13033.3603515625,12969.7998046875,13033.3603515625,4274900
2025-02-20,12780.8798828125,12880.3603515625,12775.669921875,12880.3603515625,5309300
2025-02-21,12752.580078125,12880.3603515625,12752.580078125,12880.3603515625,43209700
2025-02-24,12484.740234375,12532.2001953125,12453.240234375,12531.7197265625,2615300
2025-02-25,12450.5,12450.5,12307.26953125,12307.26953125,19242200
2025-02-26,12484.650390625,12484.650390625,12417.169921875,12452.4599609375,4877900
2025-02-27,12553.0,12585.7802734375,12540.8701171875,12540.8701171875,1847200
2025-02-28,12601.419921875,12601.419921875,12507.5703125,12540.8701171875,211066500
2025-03-03,12386.580078125,12550.0498046875,12386.580078125,12550.0498046875,2570000
2025-03-04,12435.2001953125,12477.1904296875,12384.76953125,12469.7099609375,1821500
2025-03-05,12385.349609375,12444.7197265625,12385.099609375,12412.0703125,2678000
2025-03-06,12387.2197265625,12449.33984375,12379.0,12428.83984375,1495500
2025-03-07,12399.7802734375,12476.1904296875,12353.740234375,12428.83984375,22777300
2025-03-10,12515.9697265625,12515.9697265625,12386.8203125,12399.7802734375,25750500
2025-03-11,12410.9697265625,12517.349609375,12339.91015625,12515.9697265625,31750100
2025-03-12,12249.5498046875,12417.08984375,12249.5498046875,12410.9697265625,31351600
2025-03-13,12209.0498046875,12297.7998046875,12197.48046875,12249.5498046875,46219600
2025-03-14,12266.25,12266.25,12136.73046875,12209.0498046875,30858700
2025-03-17,12166.1396484375,12314.9501953125,12166.1396484375,12266.25,36233800
2025-03-18,12076.849609375,12215.25,12076.849609375,12166.1396484375,31213500
2025-03-19,12045.9296875,12166.0595703125,12016.3798828125,12076.849609375,34823400
2025-03-20,12054.7197265625,12133.5400390625,12038.76953125,12045.9296875,87056600
2025-03-21,12113.5400390625,12190.25,12054.7197265625,12054.7197265625,169387800
2025-03-24,12128.2099609375,12172.6298828125,12084.3701171875,12113.5400390625,18749600
2025-03-25,12184.509765625,12221.759765625,12128.2099609375,12128.2099609375,29444900
2025-03-26,12334.1796875,12381.0498046875,12184.509765625,12184.509765625,39521800
2025-03-27,12312.6904296875,12321.6103515625,12273.6298828125,12305.7900390625,1177800
2025-03-28,12287.4599609375,12382.41015625,12273.6298828125,12305.7900390625,20393000
2025-03-31,12245.5,12270.0,12239.76953125,12270.0,68833000
2025-04-01,12312.599609375,12312.599609375,12166.4697265625,12270.0,93320700
2025-04-02,12320.1904296875,12392.4501953125,12280.8603515625,12312.599609375,15890100
2025-04-03,12338.5703125,12338.5703125,12115.8603515625,12320.1904296875,21929300
2025-04-04,12225.2802734375,12338.5703125,12153.1103515625,12338.5703125,21111800
2025-04-07,11775.8798828125,12225.2802734375,11767.669921875,12225.2802734375,29936900
2025-04-08,11891.4404296875,11941.3896484375,11738.1201171875,11775.8798828125,21794800
2025-04-09,11806.5498046875,11893.080078125,11781.2900390625,11891.4404296875,29886900
2025-04-10,12201.4296875,12325.580078125,11806.5498046875,11806.5498046875,24745600
2025-04-11,12019.1298828125,12201.4296875,12000.8603515625,12201.4296875,18794800
2025-04-14,12107.5400390625,12175.7099609375,12018.83984375,12019.1298828125,18705300
2025-04-15,12011.33984375,12115.25,12011.33984375,12107.5400390625,18272500
2025-04-16,12067.919921875,12110.33984375,12011.33984375,12011.33984375,35246300
2025-04-17,12118.990234375,12153.2197265625,12031.26953125,12067.919921875,27813100
2025-04-22,11836.6904296875,12118.990234375,11836.6904296875,12118.990234375,24125500
2025-04-23,11956.4697265625,12031.0302734375,11836.6904296875,11836.6904296875,69336200
2025-04-24,12017.83984375,12059.1201171875,11956.4697265625,11956.4697265625,25386200
2025-04-28,12098.8896484375,12159.349609375,12006.1796875,12017.83984375,41510900
2025-04-29,12025.4501953125,12120.830078125,12025.4501953125,12098.8896484375,49520900
2025-04-30,11903.3095703125,12071.5400390625,11901.830078125,12025.4501953125,89316400
2025-05-01,12191.150390625,12191.150390625,12148.599609375,12148.599609375,1041300
2025-05-02,12327.8896484375,12327.8896484375,12148.599609375,12148.599609375,23022100
2025-05-05,12421.25,12421.25,12327.8896484375,12327.8896484375,21763600
2025-05-06,12421.08984375,12449.1298828125,12372.7099609375,12421.25,27035100
2025-05-07,12496.8896484375,12497.3603515625,12410.2802734375,12421.08984375,37245100
2025-05-08,12467.0302734375,12590.8896484375,12466.9697265625,12496.8896484375,32085900
2025-05-09,12605.0703125,12655.0400390625,12467.0302734375,12467.0302734375,35124200
2025-05-12,12676.75,12715.8203125,12605.0703125,12605.0703125,25302100
2025-05-13,12786.740234375,12811.9697265625,12676.75,12676.75,40864600
2025-05-14,12779.259765625,12826.599609375,12766.330078125,12786.740234375,28855900
2025-05-15,12880.8203125,12880.8203125,12747.8701171875,12779.259765625,21144900
2025-05-16,12786.7900390625,12880.8203125,12764.1796875,12880.8203125,19897500
2025-05-19,12629.0703125,12786.7900390625,12629.0703125,12786.7900390625,22260100
2025-05-20,12644.23046875,12720.0302734375,12604.400390625,12629.0703125,24652900
2025-05-21,12703.099609375,12745.080078125,12644.23046875,12644.23046875,28668700
2025-05-22,12662.25,12717.91015625,12622.0703125,12703.099609375,22889900
2025-05-23,12596.5,12666.6103515625,12588.7099609375,12662.25,35763200
2025-05-26,12547.2197265625,12606.16015625,12514.900390625,12596.5,23094500
2025-05-27,12582.330078125,12596.5,12506.7802734375,12547.2197265625,28248000
2025-05-28,12362.259765625,12606.98046875,12339.98046875,12582.330078125,35112200
2025-05-29,12281.3095703125,12370.490234375,12253.490234375,12362.259765625,60398500
2025-05-30,12418.8896484375,12418.8896484375,12281.3095703125,12281.3095703125,67656100
2025-06-03,12327.23046875,12485.419921875,12327.23046875,12418.8896484375,31014400
2025-06-04,12494.7099609375,12494.7099609375,12327.23046875,12327.23046875,35038500
2025-06-05,12577.150390625,12579.1298828125,12484.91015625,12494.7099609375,30725200
2025-06-06,12563.48046875,12630.23046875,12542.8798828125,12577.150390625,24848700
2025-06-09,12539.259765625,12593.16015625,12516.26953125,12563.48046875,13516500
2025-06-10,12564.419921875,12610.6103515625,12513.3896484375,12539.259765625,25487300
2025-06-11,12605.9296875,12654.5302734375,12564.419921875,12564.419921875,27822800
2025-06-12,12649.099609375,12649.099609375,12551.8095703125,12605.9296875,28256800
2025-06-13,12552.8701171875,12671.1103515625,12505.6298828125,12649.099609375,20865400
2025-06-16,12690.1298828125,12690.1298828125,12517.349609375,12552.8701171875,44748000
2025-06-17,12639.349609375,12732.4296875,12635.98046875,12690.1298828125,26934800
2025-06-18,12627.3203125,12654.7900390625,12602.0595703125,12639.349609375,21931900
2025-06-19,12569.0498046875,12631.5302734375,12555.4599609375,12627.3203125,98997400
2025-06-23,12532.650390625,12584.26953125,12456.4599609375,12569.0498046875,26643000
2025-06-24,12467.48046875,12598.16015625,12458.5703125,12532.650390625,21264300
2025-06-25,12460.9599609375,12506.1796875,12429.9296875,12467.48046875,26096200
2025-06-26,12480.0498046875,12493.8603515625,12421.580078125,12460.9599609375,33270100
2025-06-27,12583.58984375,12583.58984375,12473.080078125,12480.0498046875,24704600
2025-06-30,12602.8203125,12602.8203125,12527.9697265625,12583.58984375,32032500
2025-07-01,12745.2900390625,12755.599609375,12727.4599609375,12734.5302734375,1153600
2025-07-02,12784.2900390625,12838.900390625,12727.4599609375,12734.5302734375,20981200
2025-07-03,12704.48046875,12784.2900390625,12669.9599609375,12784.2900390625,21336600
2025-07-04,12766.599609375,12782.3203125,12667.8798828125,12704.48046875,18052700
2025-07-07,12764.9501953125,12784.01953125,12716.3203125,12766.599609375,21589900
2025-07-08,12859.01953125,12859.01953125,12694.6201171875,12764.9501953125,32997500
2025-07-09,12768.6103515625,12860.009765625,12719.009765625,12859.01953125,23604900
2025-07-10,12760.2001953125,12831.650390625,12720.1396484375,12768.6103515625,19887700
2025-07-11,12686.6796875,12808.41015625,12682.48046875,12760.2001953125,17440800
2025-07-14,12678.6904296875,12686.6796875,12614.759765625,12686.6796875,18255800
2025-07-15,12689.6298828125,12743.9697265625,12645.3203125,12678.6904296875,19975100
2025-07-16,12754.58984375,12789.759765625,12689.6298828125,12689.6298828125,18416600
2025-07-17,12905.41015625,12920.4296875,12754.58984375,12754.58984375,17877200
2025-07-18,12880.400390625,12906.490234375,12825.2099609375,12905.41015625,32093300
2025-07-21,12961.509765625,12967.16015625,12862.0595703125,12880.400390625,18269000
2025-07-22,12833.740234375,12966.509765625,12805.48046875,12961.509765625,25564200
2025-07-23,12794.0595703125,12858.919921875,12709.1904296875,12833.740234375,27121000
2025-07-24,12805.1298828125,12844.76953125,12783.26953125,12794.0595703125,18551100
2025-07-25,12853.4599609375,12893.4404296875,12783.9296875,12805.1298828125,17795300
2025-07-28,12910.740234375,12955.6796875,12852.3095703125,12853.4599609375,15122800
2025-07-29,12936.41015625,12941.4501953125,12872.5498046875,12910.740234375,19092700
2025-07-30,12855.9697265625,12982.75,12855.9697265625,12936.41015625,19278900
2025-07-31,12823.740234375,12882.6796875,12804.240234375,12855.9697265625,27045800
2025-08-01,12729.400390625,12833.2998046875,12729.400390625,12823.740234375,17625500
2025-08-04,12684.0400390625,12750.2001953125,12684.0400390625,12729.400390625,24888500
2025-08-05,12877.0400390625,12877.0400390625,12684.0400390625,12684.0400390625,23655800
2025-08-06,12880.16015625,12925.5400390625,12839.8701171875,12877.0400390625,25045900
2025-08-07,12887.099609375,12944.16015625,12868.9296875,12880.16015625,21199400
2025-08-08,12844.6298828125,12944.8603515625,12844.6298828125,12887.099609375,18493300
2025-08-11,12911.8603515625,12944.48046875,12842.4501953125,12844.6298828125,19207700
2025-08-12,12759.6796875,12943.6396484375,12759.6796875,12911.8603515625,27928100
2025-08-13,12766.5400390625,12866.1796875,12759.6796875,12759.6796875,28300700
2025-08-14,12834.080078125,12846.7998046875,12763.080078125,12766.5400390625,23724100
2025-08-15,12889.3798828125,12901.419921875,12834.080078125,12834.080078125,13777100
2025-08-18,12970.6396484375,12970.6396484375,12889.3798828125,12889.3798828125,19780500
2025-08-19,12928.6796875,12984.669921875,12860.9599609375,12970.6396484375,24297300
2025-08-20,13071.2998046875,13138.759765625,12915.9501953125,12928.6796875,38311600
2025-08-21,13194.0703125,13231.9404296875,13071.2998046875,13071.2998046875,24084700
2025-08-22,13042.759765625,13194.0703125,13042.759765625,13194.0703125,46351800
2025-08-25,13079.5,13157.240234375,13042.759765625,13042.759765625,21316500
2025-08-26,12957.98046875,13112.33984375,12957.98046875,13079.5,52686600
2025-08-27,12861.83984375,13015.1103515625,12853.169921875,12957.98046875,21403300
2025-08-28,12903.080078125,12927.3701171875,12844.8896484375,12861.83984375,25029000
2025-08-29,12930.73046875,12963.8095703125,12903.080078125,12903.080078125,27021500
2025-09-01,13070.4501953125,13070.4501953125,12925.6796875,12930.73046875,29721600
2025-09-02,13110.8203125,13143.8203125,13102.3095703125,13133.16015625,2045800
2025-09-03,13074.8095703125,13158.7802734375,13046.1103515625,13133.16015625,27087700
2025-09-04,13133.2001953125,13138.16015625,13018.6298828125,13074.8095703125,76657400
2025-09-05,13223.5302734375,13223.5302734375,13133.2001953125,13133.2001953125,25026600
2025-09-08,13281.1396484375,13281.1396484375,13162.5498046875,13223.5302734375,18646300
2025-09-09,13253.73046875,13312.5498046875,13205.8603515625,13281.1396484375,31850400
2025-09-10,13276.240234375,13314.01953125,13215.259765625,13253.73046875,26054500
2025-09-11,13229.150390625,13287.3701171875,13186.73046875,13276.240234375,24599200
2025-09-12,13227.900390625,13299.8203125,13202.33984375,13229.150390625,25195500
2025-09-15,13208.3095703125,13242.650390625,13114.400390625,13227.900390625,19603200
2025-09-16,13234.8896484375,13257.349609375,13175.73046875,13208.3095703125,28364400
2025-09-17,13228.3798828125,13247.509765625,13152.7802734375,13234.8896484375,26681300
2025-09-18,13120.0302734375,13240.8701171875,13104.900390625,13228.3798828125,28517800
2025-09-19,13231.66015625,13276.76953125,13094.4599609375,13120.0302734375,119747200
2025-09-22,13141.5400390625,13245.919921875,13126.1904296875,13231.66015625,18616200
2025-09-23,13136.5400390625,13163.8798828125,13095.4599609375,13141.5400390625,31266900
2025-09-24,13181.3095703125,13181.3095703125,13103.76953125,13136.5400390625,21401300
2025-09-25,13153.7900390625,13209.0,13053.7900390625,13181.3095703125,26462900
2025-09-26,13111.73046875,13171.2197265625,13058.2802734375,13153.7900390625,22331400
2025-09-29,13132.5595703125,13244.8896484375,13107.8896484375,13111.73046875,25731700
2025-09-30,13292.3603515625,13292.3603515625,13120.1298828125,13132.5595703125,51325700
2025-10-01,13433.990234375,13433.990234375,13271.599609375,13292.3603515625,34437400
2025-10-02,13451.759765625,13466.990234375,13391.58984375,13433.990234375,29535500
2025-10-03,13514.08984375,13514.08984375,13407.490234375,13451.759765625,26314100
2025-10-06,13500.150390625,13505.01953125,13438.48046875,13489.240234375,2632400
2025-10-07,13531.2900390625,13577.1796875,13438.48046875,13489.240234375,29101500
2025-10-08,13568.48046875,13626.669921875,13500.1396484375,13531.2900390625,51959600
2025-10-09,13570.8603515625,13626.76953125,13499.8896484375,13568.48046875,33162600
2025-10-10,13467.259765625,13570.8603515625,13452.0498046875,13570.8603515625,22682200
2025-10-13,13351.919921875,13467.7001953125,13315.990234375,13467.259765625,15114400
2025-10-14,13276.990234375,13382.3701171875,13185.83984375,13351.919921875,32688000
2025-10-15,13286.0,13322.2900390625,13275.330078125,13307.400390625,849100
2025-10-16,13389.099609375,13389.099609375,13275.330078125,13307.400390625,26405500
2025-10-17,13289.2099609375,13389.099609375,13274.6103515625,13389.099609375,26700600
2025-10-20,13344.9599609375,13344.9599609375,13246.23046875,13289.2099609375,25725300
2025-10-21,13291.8095703125,13377.849609375,13287.830078125,13377.849609375,1310800
2025-10-22,13306.4404296875,13377.849609375,13287.830078125,13377.849609375,24357400
2025-10-23,13377.099609375,13377.099609375,13267.2802734375,13306.4404296875,33207200
2025-10-24,13391.58984375,13426.0703125,13352.599609375,13377.099609375,27262700
2025-10-28,13413.98046875,13417.2001953125,13402.66015625,13402.66015625,1329300
2025-10-29,13409.2099609375,13478.4501953125,13384.3095703125,13402.66015625,20408000
2025-10-30,13459.2900390625,13503.169921875,13388.0703125,13409.2099609375,21871300
2025-10-31,13548.3203125,13573.849609375,13439.5595703125,13459.2900390625,28265600
2025-11-03,13562.2900390625,13564.740234375,13554.0400390625,13556.2998046875,3351600
2025-11-04,13569.4697265625,13605.9599609375,13564.0703125,13605.9599609375,6437300
2025-11-05,13625.1396484375,13635.2197265625,13603.4599609375,13620.98046875,15363200
2025-11-06,13576.8095703125,13677.7802734375,13552.3095703125,13620.98046875,38202900
2025-11-07,13599.2099609375,13659.5595703125,13521.7001953125,13576.8095703125,17337200
2025-11-10,13569.01953125,13617.48046875,13565.1904296875,13617.48046875,2112800
2025-11-11,13570.08984375,13605.7099609375,13539.8701171875,13604.5498046875,1770700
2025-11-12,13681.5498046875,13725.6201171875,13671.73046875,13671.73046875,4137500
2025-11-13,13540.080078125,13597.8701171875,13527.76953125,13597.8701171875,3961300
2025-11-14,13464.4599609375,13597.8701171875,13464.4599609375,13597.8701171875,24994500
2025-11-17,13463.76953125,13499.0400390625,13428.1796875,13499.0400390625,5602800
2025-11-18,13355.26953125,13380.0595703125,13326.330078125,13342.8203125,6078800
2025-11-19,13377.6298828125,13378.7099609375,13326.900390625,13326.900390625,1575500
2025-11-20,13296.0498046875,13439.400390625,13292.26953125,13439.400390625,1457500
2025-11-21,13419.400390625,13439.400390625,13255.1904296875,13439.400390625,28149700
2025-11-24,13518.6201171875,13563.240234375,13499.849609375,13499.849609375,2172800
2025-11-25,13572.01953125,13613.2802734375,13480.4296875,13480.4296875,2752900
2025-11-26,13576.759765625,13609.0595703125,13562.009765625,13562.009765625,3021800
2025-11-27,13434.5,13462.8203125,13432.2001953125,13432.2001953125,1371800
2025-11-28,13489.150390625,13548.509765625,13421.08984375,13432.2001953125,25606000
2025-12-01,13462.1298828125,13467.1904296875,13438.099609375,13448.490234375,3065800
2025-12-02,13482.4404296875,13523.1904296875,13466.3798828125,13502.76953125,1944100
2025-12-03,13553.66015625,13596.900390625,13552.599609375,13582.5400390625,2403300
2025-12-04,13462.1796875,13515.6201171875,13451.91015625,13515.6201171875,2558500
2025-12-05,13483.990234375,13515.6201171875,13445.509765625,13515.6201171875,28414100
2025-12-08,13508.080078125,13523.2802734375,13483.830078125,13486.3203125,3286000
2025-12-09,13424.6201171875,13454.7802734375,13390.900390625,13454.7802734375,4862100
2025-12-10,13415.7900390625,13425.5595703125,13371.0595703125,13371.0595703125,1820500
2025-12-11,13437.4697265625,13444.599609375,13394.8701171875,13395.8701171875,2062200
2025-12-12,13406.91015625,13471.9697265625,13380.080078125,13395.8701171875,18631700
2025-12-15,13401.91015625,13410.080078125,13360.4404296875,13408.1396484375,3695000
2025-12-16,13396.3095703125,13424.9501953125,13379.8603515625,13424.9501953125,2210700
2025-12-17,13290.0595703125,13299.1103515625,13260.4404296875,13295.91015625,2815700
2025-12-18,13359.0703125,13359.0703125,13256.76953125,13256.76953125,4093300
2025-12-19,13333.400390625,13410.1103515625,13256.76953125,13256.76953125,94685100
2025-12-22,13536.7900390625,13541.01953125,13488.2802734375,13508.2998046875,2419200
2025-12-23,13543.6904296875,13569.0498046875,13508.5,13517.73046875,2652600
2025-12-24,13529.0595703125,13569.0498046875,13508.5,13517.73046875,6873800
2025-12-29,13540.91015625,13549.1298828125,13524.58984375,13525.990234375,1040000
2025-12-30,13548.9697265625,13558.0400390625,13540.5498046875,13548.1298828125,595300
